,"STN
Code",Name of Monitoring Location,Type Water Body,State Name,TemperatureC_mean,Dissolved Oxygen_mg/L_mean,pH_mean,Conductivity_mhos/cm_mean,BOD_mg/L_mean,Nitrate_N_mg/L_mean,Fecal_Coliform_MPN/100ml_mean,Total_Coliform_MPN/100ml_mean,Kmeans_groups
0,4368,"KOLLERU LAKE KOKKIRAYALANKA (V), KAILALUR (M)",LAKE,ANDHRA PRADESH,25.5,4.85,7.5,2702.5,2.4,2.31,15.0,165.0,0
1,2353,"KONDAKARLA-AAVA LAKE, PARAWADA PHARMA CITY, VISHAKHAPATNAM",LAKE,ANDHRA PRADESH,27.5,4.9,7.35,889.0,3.25,2.165,19.0,195.0,0
2,1790,"PULICATE LAKE , NELLORE DIST",LAKE,ANDHRA PRADESH,21.0,5.1,7.7,42450.0,2.6,1.42,3.0,98.5,0
3,4391,"CHENGAMBAKAM TANK IN SRI CITY SEZ,
TIRUPATHI",TANK,ANDHRA PRADESH,25.5,5.8,7.1,328.0,1.75,1.32,194.5,359.5,0
4,4921,"ANNAMAYYA PROJECT ON CHEYYERU
RESERVOIR",Wetland,ANDHRA PRADESH,25.5,5.95,7.65,615.0,1.65,0.675,166.0,483.5,0
5,4936,ANUMANAPALLE CHERUVU,Wetland,ANDHRA PRADESH,22.5,7.15,8.05,239.0,1.7,1.105,3.5,106.5,0
6,4919,BRAMHASAGAR,Wetland,ANDHRA PRADESH,24.5,5.75,7.5,494.5,1.6,0.495,183.5,406.0,0
7,4926,DALI TANK,Wetland,ANDHRA PRADESH,26.5,5.75,7.8,9612.0,2.0,1.6,9.5,76.0,0
8,4931,GACCHAKAYALA PORA (LAGOON),Wetland,ANDHRA PRADESH,29.0,5.85,7.85,34565.0,2.5,1.745,9.5,92.0,0
9,4917,GANGINENI CHERUVU,Wetland,ANDHRA PRADESH,25.5,4.8,7.35,1064.0,2.85,2.795,425.0,830.0,0
10,4934,INTERU SWAMPS,Wetland,ANDHRA PRADESH,25.5,6.8,7.6,21485.0,2.6,1.46,3.0,106.5,0
11,4918,KATTAMANCHI CHERUVU,Wetland,ANDHRA PRADESH,26.5,4.95,7.45,1018.0,2.5,1.78,347.5,775.0,0
12,4933,KRISHNA MANGROVES,Wetland,ANDHRA PRADESH,26.0,5.65,7.55,29250.0,2.6,1.42,3.0,110.5,0
13,4916,MID PENNAR RESERVOIR,Wetland,ANDHRA PRADESH,24.0,5.8,7.45,453.0,1.35,1.45,230.0,439.5,0
14,4925,NAUPADA SWAMPS,Wetland,ANDHRA PRADESH,27.0,5.0,7.75,29415.0,2.95,3.58,17.5,551.0,0
15,4930,P .S. CHINNAIAH PALEM,Wetland,ANDHRA PRADESH,27.0,6.9,7.5,900.0,2.8,1.12,12.5,137.0,0
16,4924,PATATEKALLI CHERUVU,Wetland,ANDHRA PRADESH,27.0,6.0,7.75,26685.5,11.75,2.445,16.0,290.0,0
17,4915,PATHAKOTHA CHERUVU,Wetland,ANDHRA PRADESH,25.5,5.35,7.6,1316.5,2.4,1.68,404.5,738.0,0
18,4928,PEDDA CHERUVU,Wetland,ANDHRA PRADESH,29.0,3.9,7.15,1035.0,27.95,4.025,30.0,1320.0,0
19,4923,SANGAMESWARA BACKWATERS,Wetland,ANDHRA PRADESH,24.5,5.75,7.35,783.5,1.95,1.36,198.5,530.0,0
20,4920,SOMASILA BACK WATER,Wetland,ANDHRA PRADESH,25.0,5.85,7.55,637.5,1.4,0.64,199.0,417.0,0
21,4927,TATIPUDI RESERVOIR,Wetland,ANDHRA PRADESH,28.5,6.05,7.6,304.0,1.8,1.315,3.5,57.0,0
22,4929,UPPALANKA MUDFLATS,Wetland,ANDHRA PRADESH,27.0,5.15,7.5,20165.0,3.8,1.74,9.5,99.5,0
23,4935,UPPALAPADU TANK,Wetland,ANDHRA PRADESH,22.5,7.0,7.7,789.0,3.5,2.895,3.5,1275.0,0
24,4932,YERRAKALUVA RESERVOIR,Wetland,ANDHRA PRADESH,25.5,5.2,7.55,680.0,2.1,1.355,5.5,68.0,0
25,3785,"BORBEEL NO. 1 , RAM NAGAR, DIGBOI,
PUBLIC WATER SUPPLY, TINSUKIA",LAKE,ASSAM,24.0,1.0,7.75,280.0,2.35,1.0,2.0,2.0,0
26,3789,"BORDOIBAM BEELMUKH BIRD
SANCTUARY, DHEMAJI",LAKE,ASSAM,24.0,6.15,7.35,193.5,2.35,0.9,605.0,1700.0,0
27,3820,"BORSOLA BEEL, SARABBHATTI,
GUWAHATI",LAKE,ASSAM,26.5,3.3,7.55,461.0,26.4,2.4,3100.0,5400.0,0
28,2206,"DALONI BEEL NEAR JOGIGHOPA, ASSAM",LAKE,ASSAM,30.0,5.0,7.4,73.5,2.1,0.9,515.0,1055.0,0
29,2218,"DEEPAR BEEL AT BORAGAON NEAR
IASST, GUWAHATI, ASSAM",LAKE,ASSAM,26.0,7.7,7.5,222.0,3.5,1.3,515.0,1350.0,0
30,1529,"DEEPAR BEEL, ASSAM",LAKE,ASSAM,25.5,7.5,7.5,220.5,3.7,1.3,515.0,1255.0,0
31,3821,"DIPLAI BEEL AT SILGARA, KOKRAJHAR",LAKE,ASSAM,28.0,4.85,7.3,81.0,2.45,1.05,515.0,1255.0,0
32,3787,"HOLUDUNGA BEEL NEAR GAI NADI/
RIVER AT SOMARAJAN, DHEMA JI",LAKE,ASSAM,23.5,6.3,7.3,107.0,2.4,0.75,515.0,1205.0,0
33,4337,"KAMALABARI LAKE INSIDE KAMALABARI
CHILDREN,S PARK, GELEKY",LAKE,ASSAM,27.5,6.5,7.2,69.0,2.2,0.95,330.0,635.0,0
34,3812,"KAMALPUR BEEL, KAMALPUR",LAKE,ASSAM,24.0,2.05,7.5,1098.0,27.8,2.8,880.0,1805.0,0
35,3800,"MALINI BEEL NEAR INDUTRIAL AREA AT
RAMNAGAR",LAKE,ASSAM,22.5,5.1,7.35,145.0,2.45,0.8,455.0,1105.0,0
36,2205,"MER BEEL AT MADHABPUR, ASSAM",LAKE,ASSAM,23.5,5.9,7.6,148.5,2.55,0.95,510.0,1455.0,0
37,3808,PARASHALI BEEL AT DEMORIA,LAKE,ASSAM,25.0,8.0,7.3,136.0,2.5,0.9,615.0,1455.0,0
38,3798,SAMAGURI BEEL IN NAGAON DISTRICT,LAKE,ASSAM,26.5,5.55,7.25,130.5,2.45,0.85,515.0,1360.0,0
39,3814,"SILSAKO BEEL, CHACHAL, GUWAHATI",LAKE,ASSAM,26.5,0.85,7.35,521.5,16.5,1.9,1850.0,3500.0,0
40,3804,SON BEEL WATER AT KARIMGANJ,LAKE,ASSAM,23.0,4.15,7.15,140.5,2.5,0.9,605.0,1415.0,0
41,3819,"SORU SOLA BEEL, PALTAN BAZAR,
GUWAHATI",LAKE,ASSAM,26.5,3.5,7.5,474.0,27.0,2.4,3100.0,4750.0,0
42,2225,"BASKANDI POND INSIDE THE BASKANDI MADRASA, BASKANDI, ASSAM",POND,ASSAM,21.0,4.5,7.35,115.5,2.35,0.9,605.0,1550.0,0
43,2219,"BISHNU PUSKAR PUKHURI OF HAYAGRIB MADHAB TEMPLE, HAJO, ASSAM",POND,ASSAM,23.5,7.25,7.3,226.0,2.3,1.15,1300.0,2515.0,0
44,2207,"BOR BEEL AT JAKAI., ASSAM",POND,ASSAM,23.0,5.5,7.5,248.5,2.4,0.85,515.0,1055.0,0
45,3772,BORPUKHURI AT SONARI,POND,ASSAM,25.5,6.6,7.4,89.5,2.3,0.85,330.0,730.0,0
46,2208,"BORPUKHURI, NAZIRA, ASSAM",POND,ASSAM,26.5,6.6,7.3,76.0,2.25,0.9,330.0,605.0,0
47,2214,"BOTODRIVA SATRA POND, NAGAON,
ASSAM",POND,ASSAM,25.0,5.1,7.4,75.5,2.4,0.95,515.0,1115.0,0
48,2220,"CHAND DUBI BEEL, CHAND DUBI, ASSAM",POND,ASSAM,27.0,7.45,7.45,95.5,2.35,0.9,515.0,1110.0,0
49,2216,"DIGHALI PUKHURI, GUWAHATI, ASSAM",POND,ASSAM,27.5,7.7,7.4,269.5,2.65,1.4,545.0,1455.0,0
50,1263,"ELANGABEEL SYSTEM POND
(CONNECTED TO R. KOLANG), ASSAM",POND,ASSAM,24.0,5.4,7.3,544.0,2.5,1.05,605.0,1415.0,0
51,2228,"GALA BEEL AT DERGAON, ASSAM",POND,ASSAM,25.0,8.0,7.55,83.0,2.3,0.9,510.0,1110.0,0
52,2221,"GANGA PUKHURI, NALBARI (GORDON
SCHOOL), ASSAM",POND,ASSAM,24.0,7.35,7.4,79.5,2.3,0.85,515.0,1055.0,0
53,2209,"GAURISAGAR TANK, GAURISAGAR,
ASSAM",POND,ASSAM,28.0,5.9,7.0,74.0,2.0,1.05,366.0,930.0,0
54,2212,"GOPHUR TANK, GOPHUR, ASSAM",POND,ASSAM,26.0,7.2,7.6,110.0,2.45,0.9,330.0,1060.0,0
55,2227,"HORDAI PUKHURI, CHARAIDEW, ASSAM",POND,ASSAM,25.0,6.4,7.05,70.5,2.25,0.95,330.0,635.0,0
56,2213,"JAIPAL PUKHURI, SIPAJHAR, ASSAM",POND,ASSAM,26.5,7.5,7.6,149.5,2.5,0.95,510.0,1065.0,0
57,3809,"JORPUKHURI AT UZANBAZAR
(UGRATALA TEMPLE)",POND,ASSAM,27.5,7.75,7.5,393.0,2.5,1.0,635.0,1455.0,0
58,2223,"MAHAMAYA MANDIR PUKHURI, ASSAM",POND,ASSAM,29.0,4.55,7.6,81.5,2.25,0.9,605.0,1505.0,0
59,4006,NETAI PUKHURI AT NETAI PUKHURI,POND,ASSAM,26.5,6.3,6.95,76.0,2.2,0.9,330.0,635.0,0
60,2211,"PADUMPUKHURI, TEZPUR, ASSAM",POND,ASSAM,28.0,7.4,7.5,284.0,2.45,1.05,515.0,1110.0,0
61,3806,"POND WATER FROM RAMKRISHNA
MISSION AT HAILAKANDI",POND,ASSAM,23.5,4.7,7.25,150.5,2.4,0.85,620.0,1255.0,0
62,2222,"RAJADINIA PUKHURI AT ABHAYAPURI, ASSAM",POND,ASSAM,31.0,4.9,7.35,70.0,2.25,0.95,605.0,1365.0,0
63,2224,"RAJAPUKHURI AT GAURIPUR, ASSAM",POND,ASSAM,30.0,4.95,7.6,111.0,2.35,0.95,605.0,1455.0,0
64,2210,"RAJMAW PUKHURI, JORHAT, ASSAM",POND,ASSAM,27.0,6.7,7.3,91.0,2.35,0.9,330.0,635.0,0
65,2215,"SARAN BEEL, ASSAM",POND,ASSAM,26.5,5.5,7.3,90.0,2.35,0.9,515.0,1110.0,0
66,2226,"SIVASAGAR TANK (BORPUKHURI) NEAR
SIVADOL, ASSAM",POND,ASSAM,28.0,5.75,7.1,78.0,2.3,0.9,515.0,930.0,0
67,2217,"SUBHAGYA KUNDA POND KAMAKHYA
TEMPLE, GUWAHATI, ASSAM",POND,ASSAM,24.5,6.25,7.55,232.5,2.35,0.85,515.0,1410.0,0
68,4334,"THOWRADOLE PUKHURI, THOWRADOLE
G.P. DEMOW BLOCK",POND,ASSAM,27.5,6.65,7.25,80.0,2.4,0.9,330.0,635.0,0
69,1532,"GOYSAGAR TANK, SIBSAGAR, ASSAM",TANK,ASSAM,28.0,6.0,6.95,75.0,2.0,0.9,151.0,545.0,0
70,2557,"KAWAR LAKE, BEGUSARAI",LAKE,BIHAR,21.5,5.45,7.15,248.0,3.3,3.175,46390.0,81150.0,0
71,2571,MOTI JHEEL AT MOTIHARII,LAKE,BIHAR,24.5,12.3,7.75,735.0,8.5,1.315,80340.0,80550.0,0
72,4296,"SIKANDRAPUR, MUZAFFARPUR",LAKE,BIHAR,22.0,10.35,8.3,696.0,6.85,0.4,80850.0,81650.0,0
73,2574,SURAJ KUND AT GAYA,POND,BIHAR,24.5,9.65,7.65,622.0,4.6,0.89,81100.0,81300.0,0
74,2573,TIGHI TALAB AT GAYA,POND,BIHAR,24.5,12.5,8.1,848.5,5.05,0.735,80460.0,80850.0,0
75,2046,"SUKHNA LAKE, CHANDIGARH",LAKE,CHANDIGARH,25.0,8.9,7.8,251.5,3.0,7.75,13502.5,5450016.5,0
76,3031,"BHALSWA LAKE, DELHI",LAKE,DELHI,32.0,1.0,7.85,6560.0,47.5,1.62,1674500.0,14000000.0,0
77,3476,"LAKE NEAR IIT FLYOVER, DELHI",LAKE,DELHI,34.0,5.65,8.9,940.0,113.5,2.49,490024.5,79.0,0
78,3030,"SANJAY LAKE, DELHI",LAKE,DELHI,33.0,4.65,8.2,1194.0,41.5,1.525,20024.5,130.0,0
79,3175,ANJUNEM LAKE,LAKE,GOA,29.5,6.35,6.55,90.0,1.3,0.43,121.0,271.0,0
80,3177,CARAMBOLIM LAKE,LAKE,GOA,28.5,6.55,7.3,351.0,1.9,0.355,689.0,1705.0,0
81,3180,CURTORIM LAKE,LAKE,GOA,29.0,4.15,6.85,136.5,1.95,0.77,1215.0,2535.0,0
82,4408,HARWALE WATER FALL,LAKE,GOA,30.0,7.15,6.8,111.0,1.45,0.38,1674.5,2770.0,0
83,2269,"MAYEM LAKE, BICHOLIM",LAKE,GOA,30.0,7.05,6.75,67.5,1.4,0.32,1185.0,1515.0,0
84,3178,RAIA LAKE,LAKE,GOA,29.0,5.25,7.05,133.5,2.3,0.72,1372.5,1984.0,0
85,3176,RUMDER LAKE,LAKE,GOA,29.5,3.6,6.95,118.0,2.4,0.42,1215.0,2565.0,0
86,3179,SAIPEM LAKE,LAKE,GOA,29.0,3.05,7.15,329.5,5.25,0.75,2565.0,4420.0,0
87,1549,"SALAULIM LAKE AT SALAULIM -
SANGUEM, GOA",LAKE,GOA,30.25,7.1,7.6,88.5,1.4,0.61,25.5,41.5,0
88,1345,"AJWAH LAKE AT SRI SAYAJI SABVAR,
BARODA,",LAKE,GUJARAT,28.5,6.8,8.05,433.5,1.0,0.355,6.5,43.5,0
89,2076,"ANKLESHWAR RESERVOIR AT GIDC
ANKLESHWAR AT VALIA ROAD.",LAKE,GUJARAT,28.5,7.5,7.95,407.0,1.0,0.4,14.5,45.0,0
90,1973,"BINDUSAROVAR, SIDDHPUR
(DIST.PATAN)",LAKE,GUJARAT,28.0,5.35,7.65,1310.0,5.75,0.8,66.0,198.0,0
91,1344,"CHANDOLA LAKE AT AHMEDABAD,",LAKE,GUJARAT,27.5,5.5,7.85,559.0,10.7,0.99,473.0,865.0,0
92,1977,CITY LAKE OF NADIAD,LAKE,GUJARAT,31.0,5.7,8.1,1256.5,2.35,0.48,210.0,410.0,0
93,3198,"GOMTI LAKE, OPP, RANCHODAJI
TEMPLE, DAKOR, KHEDA",LAKE,GUJARAT,29.5,5.1,7.95,490.5,2.25,0.96,81.5,240.0,0
94,3199,"HAMISAR TALAV, BHUJ",LAKE,GUJARAT,26.5,5.8,7.8,526.5,2.5,0.395,6.0,25.0,0
95,1343,"KANKORIA LAKE AT AHMEDABAD, NR.
BALVATIKA,",LAKE,GUJARAT,27.5,6.6,8.8,3285.0,14.5,0.975,476.5,940.0,0
96,2078,"KUWADAVA LAKE, VILL. KUWADAVA,
DIST. RAJKOT.",LAKE,GUJARAT,28.0,6.4,7.85,1786.0,2.05,0.535,86.0,275.0,0
97,1975,"LAKHOTA TALAV, JAMNAGAR",LAKE,GUJARAT,23.5,3.7,7.6,596.5,1.55,0.46,4.5,16.5,0
98,3197,"MACHHU-II DAM, RAFLESHWAR, MORBI, RAJKOT",LAKE,GUJARAT,26.5,6.6,7.95,655.5,2.2,0.295,11.5,25.5,0
99,3201,"MALAV TALAV, DHOLKA",LAKE,GUJARAT,28.0,6.7,8.7,3259.5,15.0,0.51,276.0,491.5,0
100,3200,MOONSAR LAKE OF VIRAMGAM,LAKE,GUJARAT,28.0,3.9,8.65,3988.0,34.5,0.63,507.0,940.0,0
101,2077,"MOTICHER LAKE NEAR KAKARPAR
ATOMIC POWER STATION, DIST. SURAT.",LAKE,GUJARAT,25.0,6.9,7.9,578.0,1.05,0.215,4.0,17.5,0
102,1972,"NALSAROVAR LAKE (SANAND),
DIST.AHMEDABAD",LAKE,GUJARAT,28.0,6.7,8.3,6385.0,12.9,0.54,286.5,520.0,0
103,1976,NARSIMEHTA TALAV- JUNAGADH,LAKE,GUJARAT,26.0,5.0,7.75,667.0,2.55,0.34,25.5,73.5,0
104,1346,"SURSAGAR LAKE AT BARODA,",LAKE,GUJARAT,29.0,6.1,8.05,968.0,2.85,0.385,198.0,355.0,0
105,3202,VHERAIMATA TALAV AT ANAND,LAKE,GUJARAT,27.0,4.5,7.9,604.5,2.95,0.605,240.0,390.0,0
106,2079,"DHUDHIA TALAV AT NAVSARI, DIST.
NAVSARI.",POND,GUJARAT,29.5,7.4,7.95,466.5,1.45,0.435,9.5,65.0,0
107,1979,"OLPAD, VILLAGE POND:OLPAD, SURAT",POND,GUJARAT,25.0,6.8,7.85,725.5,1.75,0.18,56.0,153.5,0
108,1971,THOL TANK (KALOL) (DIST. MEHASANA),TANK,GUJARAT,28.5,5.15,7.8,900.0,18.5,0.68,273.0,485.0,0
109,3033,SOHNA LAKE,LAKE,HARYANA,26.2,6.85,7.45,1110.0,6.5,2.0,22800.0,71000.0,0
110,1291,GOBINDSAGAR LAKE AT BILASPUR,LAKE,"HIMACHAL
PRADESH",18.5,9.05,7.6,283.5,1.0,1.23,317.0,940.0,0
111,2650,KHAZIAR LAKE,LAKE,"HIMACHAL
PRADESH",10.5,6.4,6.9,87.5,1.5,1.1,2.0,57.5,0
112,1292,"PONGDAM LAKE AT PONG VILLAGE,",LAKE,"HIMACHAL
PRADESH",19.5,7.6,7.65,167.0,1.0,0.75,2.0,44.0,0
113,1429,"RENUKA LAKE , 35 KM FROM PATNA
SAHIB NORTH",LAKE,"HIMACHAL
PRADESH",16.0,7.7,7.9,498.5,1.5,0.57,36.0,240.0,0
114,2649,RIWALSAR LAKE,LAKE,"HIMACHAL
PRADESH",19.0,7.55,7.6,402.0,3.0,1.075,515.0,1260.0,0
115,4506,ABBIGERE LAKE,LAKE,KARNATAKA,25.0,3.75,7.3,812.5,22.5,1.85,472300.0,2717500.0,0
116,3612,AGARAM LAKE,LAKE,KARNATAKA,25.0,4.45,7.1,796.0,13.0,3.6,76650.0,812000.0,0
117,3628,AMRUTHAHALLI LAKE,LAKE,KARNATAKA,25.0,5.4,7.1,706.0,5.5,1.45,551150.0,1762000.0,0
118,4096,"ANDHRAHALLI LAKE, ANDHRAHALLI, BENGALURU",LAKE,KARNATAKA,25.0,3.25,6.75,997.5,16.5,1.25,351700.0,2712000.0,0
119,3615,ARAKERE LAKE,LAKE,KARNATAKA,25.0,5.7,7.35,845.5,5.35,2.345,7745.0,82700.0,0
120,4542,BASAVANAPURA LAKE,LAKE,KARNATAKA,25.0,5.45,7.3,701.5,6.5,1.95,71650.0,282000.0,0
121,4515,BATTARAHALLI LAKE,LAKE,KARNATAKA,25.0,5.0,7.8,827.5,10.5,3.445,76650.0,812000.0,0
122,3602,BELLANDUR LAKE,LAKE,KARNATAKA,25.0,1.55,6.7,1111.0,52.5,3.05,600001150.0,4600012000.0,1
123,3679,BHUTANALA LAKE,LAKE,KARNATAKA,26.5,5.6,8.3,1118.0,19.5,3.16,1380.0,2400.0,0
124,3649,BUGUDANAHALLI LAKE,LAKE,KARNATAKA,25.0,6.3,6.85,226.5,4.0,5.95,8100.0,88000.0,0
125,4507,CHELEKERE LAKE,LAKE,KARNATAKA,25.0,5.5,6.95,811.5,7.0,1.45,471650.0,2712000.0,0
126,4095,"CHIKKABANVARA LAKE,
CHIKKABANWARA, BENGALURU NORTH",LAKE,KARNATAKA,25.0,4.0,7.1,1048.0,13.0,1.68,551650.0,4612000.0,0
127,4537,CHINNAKURCHI KERE,LAKE,KARNATAKA,25.05,6.1,7.15,364.5,6.0,1.25,23011.5,187000.0,0
128,4520,CHINNAPANHALLI LAKE,LAKE,KARNATAKA,25.0,3.45,7.5,954.5,21.0,2.55,41500.0,282000.0,0
129,3584,DALAVAI LAKE,LAKE,KARNATAKA,23.5,1.95,7.8,946.5,11.0,3.5,2700.0,9500.0,0
130,4521,DEVARABEESANAHALLI LAKE,LAKE,KARNATAKA,23.0,4.35,7.05,880.5,16.5,5.25,9000.0,92000.0,0
131,3645,DEVARAYASAMUDRA LAKE,LAKE,KARNATAKA,25.0,5.0,7.05,649.5,5.5,5.045,62000.0,812000.0,0
132,4539,DODDABIDARAKALLU LAKE,LAKE,KARNATAKA,25.0,2.7,6.85,1355.5,192.0,4.6,1150001650.0,1200012000.0,2
133,4094,"GANGONDANA HALLI LAKE, BENGALURU
NORTH",LAKE,KARNATAKA,25.0,3.15,6.75,1684.5,104.0,6.85,47002300.0,270017500.0,0
134,4518,GARUDACHARPALYA LAKE,LAKE,KARNATAKA,25.0,5.1,7.05,1047.0,9.5,2.5,48150.0,282000.0,0
135,3613,GOTTIGERE LAKE,LAKE,KARNATAKA,25.0,4.55,7.4,837.0,23.0,2.1,24150.0,187000.0,0
136,3654,GOTTIGERE LAKE,LAKE,KARNATAKA,25.5,4.45,6.6,1480.0,18.5,4.55,62000.0,472000.0,0
137,4535,GUBBALAL KERE,LAKE,KARNATAKA,25.0,5.6,7.1,309.0,7.0,0.6,8250.0,88000.0,0
138,3621,HARALAKUNTE LAKE,LAKE,KARNATAKA,25.0,3.55,7.45,1047.0,17.0,3.05,13150.0,132000.0,0
139,1446,"HEBALLA VALLEY LAKE AT D/S ROAD BRIDGE NR. MANDYA,",LAKE,KARNATAKA,25.5,5.5,8.0,520.5,4.15,3.9,515.0,3000.0,0
140,3582,HEBBAL LAKE,LAKE,KARNATAKA,22.0,5.35,8.25,1267.5,5.45,5.2,1755.0,6400.0,0
141,3625,HEBBAL LAKE,LAKE,KARNATAKA,25.0,5.05,6.9,638.5,9.5,2.45,242000.0,1767500.0,0
142,4536,HOSAKEREHALLI LAKE,LAKE,KARNATAKA,25.05,3.15,6.75,1063.0,41.5,2.6,351650.0,1762000.0,0
143,3617,HULIMAVU LAKE,LAKE,KARNATAKA,25.0,5.15,7.4,841.5,6.5,3.1,10150.0,92000.0,0
144,3609,IBBALUR LAKE,LAKE,KARNATAKA,25.0,4.2,6.95,472.0,10.0,1.95,167300.0,1217500.0,0
145,4546,JAKKSANDRA LAKE,LAKE,KARNATAKA,25.0,3.65,6.95,769.0,19.0,2.6,32650.0,282000.0,0
146,3627,JAKKUR LAKE,LAKE,KARNATAKA,25.0,4.45,7.35,885.0,8.0,2.985,351150.0,8012000.0,0
147,4097,"KACHOHALLI LAKE, KACHOHALLI,
BENGALURU NORTH",LAKE,KARNATAKA,25.0,2.9,6.95,1283.0,65.0,9.8,241650.0,1762000.0,0
148,3611,KAIKONDANAHALLI LAKE,LAKE,KARNATAKA,25.0,3.75,7.15,1039.0,15.0,3.465,851100.0,8012000.0,0
149,3616,KALENA AGRAHARA LAKE,LAKE,KARNATAKA,25.0,5.65,7.45,864.0,7.5,3.15,13150.0,132000.0,0
150,4540,KAMMGONDANAHALLI LAKE,LAKE,KARNATAKA,25.0,4.55,7.0,1148.0,7.5,2.15,67450.0,812000.0,0
151,3601,KARIHOBANAHALLI LAKE,LAKE,KARNATAKA,25.0,3.2,6.95,1843.5,41.5,4.365,24002400.0,175017500.0,0
152,4529,KASAVANAHALLI LAKE,LAKE,KARNATAKA,25.0,5.85,6.85,531.5,5.0,3.0,25300.0,192500.0,0
153,3591,KEMPAMBUDHI LAKE,LAKE,KARNATAKA,25.0,5.55,7.5,543.0,8.5,1.59,71150.0,812000.0,0
154,3680,KILLA LAKE,LAKE,KARNATAKA,27.0,7.3,7.9,512.0,3.85,2.5,920.0,1600.0,0
155,4543,KODI SINGASANDRA LAKE,LAKE,KARNATAKA,25.0,4.8,7.25,870.5,11.5,3.55,24150.0,187000.0,0
156,4544,KOTHUNURU LAKE,LAKE,KARNATAKA,25.0,4.6,7.1,857.0,19.0,2.25,8350.0,92000.0,0
157,4517,KOWDHENAHALLI LAKE,LAKE,KARNATAKA,25.05,3.4,7.4,1841.5,29.5,4.195,166300.0,1212000.0,0
158,3583,KUKKARAHALLI LAKE,LAKE,KARNATAKA,23.0,5.9,8.05,632.5,3.55,2.05,1115.0,5450.0,0
159,4516,KUNDALAHALLI LAKE,LAKE,KARNATAKA,25.0,4.55,7.3,1012.0,10.5,7.905,47230.0,271750.0,0
160,3586,LIMBHABUDI LAKE,LAKE,KARNATAKA,23.0,5.3,8.05,707.0,4.35,2.3,1240.0,7100.0,0
161,4538,MACHOHALLI LAKE,LAKE,KARNATAKA,25.0,3.35,6.95,2292.5,74.0,5.8,601650.0,4612000.0,0
162,3644,MULBHAGAL LAKE,LAKE,KARNATAKA,25.0,3.3,7.5,1328.0,41.0,3.55,33150.0,282000.0,0
163,4523,NALLURAHALLI LAKE,LAKE,KARNATAKA,24.5,5.05,6.6,597.0,6.5,2.1,5450.0,39000.0,0
164,3646,NARASAPURA LAKE,LAKE,KARNATAKA,25.0,5.15,7.45,782.0,6.5,4.025,66650.0,472000.0,0
165,4509,NARASIPURA LAKE,LAKE,KARNATAKA,25.0,4.1,7.15,562.5,18.5,1.82,3501700.0,46012000.0,0
166,3685,NAVALOORU LAKE,LAKE,KARNATAKA,25.0,6.65,7.7,940.0,3.65,1.07,39.0,137.0,0
167,4505,NELAMANGALA LAKE,LAKE,KARNATAKA,25.0,3.55,7.05,1271.0,25.0,4.41,19300.0,137500.0,0
168,3620,PARAPPANA AGRAHARA LAKE,LAKE,KARNATAKA,25.0,4.15,7.25,752.0,21.5,4.1,551150.0,4612000.0,0
169,4524,PATTANDUR AGARAHARA,LAKE,KARNATAKA,25.0,3.55,7.35,543.5,18.0,1.65,31665.0,274600.0,0
170,3624,PUTTENAHALLI LAKE,LAKE,KARNATAKA,25.0,4.65,7.15,816.0,12.5,1.835,48650.0,282000.0,0
171,3614,PUTTENAHALLI LAKE (S),LAKE,KARNATAKA,25.0,5.35,7.35,761.5,7.0,2.05,6700.0,44500.0,0
172,4510,RACHENAHALLI LAKE,LAKE,KARNATAKA,25.0,4.9,7.55,824.5,13.5,2.535,76650.0,812000.0,0
173,4519,RAMPURA LAKE,LAKE,KARNATAKA,25.0,2.25,7.0,1251.5,51.0,3.45,851650.0,4617500.0,0
174,4514,SADRAMANGALA LAKE,LAKE,KARNATAKA,24.5,4.25,7.4,789.5,19.5,5.7,9150.0,92000.0,0
175,4504,SARAKKI LAKE,LAKE,KARNATAKA,25.0,6.0,7.55,599.0,6.0,2.65,61650.0,472000.0,0
176,4525,SEETHARAM PALYA LAKE,LAKE,KARNATAKA,25.0,3.1,7.9,2186.0,27.0,6.545,33150.0,282000.0,0
177,3587,SHETTYKERE LAKE,LAKE,KARNATAKA,27.0,5.45,7.9,805.5,4.5,2.7,1450.0,5850.0,0
178,4508,SINGAPURA LAKE,LAKE,KARNATAKA,25.0,2.75,6.85,1130.0,26.0,3.1,397400.0,2717500.0,0
179,3618,SINGASANDRA LAKE,LAKE,KARNATAKA,25.0,4.05,7.05,964.5,20.0,3.25,67150.0,817500.0,0
180,3622,SOMASUNDRA PALYA LAKE,LAKE,KARNATAKA,25.0,4.85,7.1,769.5,12.2,1.95,71150.0,472000.0,0
181,4534,SOMPURA LAKE,LAKE,KARNATAKA,25.05,5.7,7.35,385.5,4.0,1.35,56150.0,472000.0,0
182,4547,SWARANA KUNTE,LAKE,KARNATAKA,25.0,5.5,7.5,882.0,6.0,1.75,61150.0,812000.0,0
183,3610,TUBRAHALLI LAKE,LAKE,KARNATAKA,25.0,2.55,7.4,1351.0,44.0,1.7,11200.0,107000.0,0
184,4533,ULLALU LAKE,LAKE,KARNATAKA,25.0,4.15,7.1,965.0,9.0,12.79,316700.0,2712000.0,0
185,3593,ULSOOR LAKE TEMPLE,LAKE,KARNATAKA,25.0,4.4,7.7,402.5,22.5,1.155,352000.0,1762000.0,0
186,1388,"ULSOOR LAKE TRAINING CENTRE OF FISH BREEDING,",LAKE,KARNATAKA,25.0,4.4,7.65,411.5,20.5,1.335,246150.0,1212000.0,0
187,3608,VARTHUR LAKE,LAKE,KARNATAKA,25.5,2.55,7.1,1072.5,33.0,10.0,750005500.0,800080000.0,2
188,4527,WHITEFIELD KERE,LAKE,KARNATAKA,24.5,3.6,7.5,692.5,33.0,6.85,76650.0,812000.0,0
189,3592,YEDIYUR LAKE,LAKE,KARNATAKA,25.0,5.6,7.35,267.5,10.5,1.5,25300.0,472000.0,0
190,3585,YENNEHOLE LAKE,LAKE,KARNATAKA,27.0,2.45,7.75,997.0,7.7,5.0,3100.0,10950.0,0
191,3629,ALLASANDRA TANK,TANK,KARNATAKA,25.0,5.2,7.45,822.0,6.25,2.95,5503150.0,46027000.0,0
192,4541,ALUR KERE,TANK,KARNATAKA,25.0,5.55,6.9,383.5,9.5,1.15,26150.0,137500.0,0
193,3623,ANEKAL DODDAKERE TANK,TANK,KARNATAKA,25.0,3.8,7.3,1717.0,35.5,5.91,9150.0,92000.0,0
194,3681,ANGOL MI TANK,TANK,KARNATAKA,27.0,4.15,8.05,438.5,30.35,2.89,1660.0,3200.0,0
195,3638,ANNAYAPPA TANK,TANK,KARNATAKA,25.0,5.5,7.3,333.0,5.5,0.915,25050.0,282000.0,0
196,3673,AVALI KERE,TANK,KARNATAKA,24.0,3.65,7.6,1455.0,5.1,1.0,530.0,3000.0,0
197,3675,B KATIHALLI KERE,TANK,KARNATAKA,24.0,6.05,7.65,370.0,2.2,0.3,125.0,1060.0,0
198,3636,BANDEMATTA TANK,TANK,KARNATAKA,25.0,4.95,7.05,732.0,11.5,1.815,19650.0,147000.0,0
199,3664,BASAVANAHALLIKERE TANK,TANK,KARNATAKA,25.0,5.9,7.7,500.0,2.0,0.3,330.0,2200.0,0
200,3643,BEENNIGANAHALLI TANK,TANK,KARNATAKA,25.0,3.75,7.25,691.5,13.5,1.715,36650.0,812000.0,0
201,3619,BEGUR TANK,TANK,KARNATAKA,25.0,5.3,6.95,935.0,6.5,4.35,56350.0,472000.0,0
202,3651,BHEEMSANDRA TANK,TANK,KARNATAKA,25.0,3.6,7.05,1305.0,25.0,40.0,56650.0,477500.0,0
203,3637,BYRAMANGALA TANK,TANK,KARNATAKA,25.0,4.15,7.25,1117.0,15.5,3.455,61650.0,472000.0,0
204,3595,BYRASANDRA TANK,TANK,KARNATAKA,25.05,4.7,7.1,748.5,8.5,2.62,77400.0,817500.0,0
205,4532,CHANDAPURA LAKE,TANK,KARNATAKA,25.0,2.65,7.05,1704.0,24.0,14.0,231150.0,1762000.0,0
206,3606,DASARAHALLI TANK,TANK,KARNATAKA,25.5,4.85,6.75,657.0,8.0,1.505,21650.0,181500.0,0
207,3634,DEVARAKERE TANK,TANK,KARNATAKA,25.0,5.15,7.05,1405.5,10.0,3.45,49350.0,477500.0,0
208,3641,DHOREKERE TANK,TANK,KARNATAKA,25.0,3.3,6.95,691.0,21.4,2.95,61150.0,472000.0,0
209,3653,DODDAKERE TANK,TANK,KARNATAKA,25.5,6.0,6.9,280.5,4.5,0.65,8650.0,92000.0,0
210,3604,DODDANAKUNDI TANK,TANK,KARNATAKA,25.0,4.7,7.15,1652.0,7.0,2.8,26150.0,137500.0,0
211,4526,DYAVASANDRA TANK,TANK,KARNATAKA,25.0,5.4,7.1,505.5,5.5,1.8,8650.0,92000.0,0
212,3666,GANIGARAHOSAHALLIKERE TANK,TANK,KARNATAKA,23.0,5.3,7.95,820.0,2.6,0.35,230.0,1600.0,0
213,3676,GAVENAHALLIKERE,TANK,KARNATAKA,24.0,6.45,7.65,400.0,2.1,0.3,156.0,1160.0,0
214,3671,HANUMANTHAPURAKATTE TANK,TANK,KARNATAKA,24.5,4.95,7.65,445.0,2.4,0.3,275.0,1950.0,0
215,3683,HEREKERE TANK,TANK,KARNATAKA,25.0,5.0,7.65,814.0,16.5,1.445,119.0,420.0,0
216,3598,HEROHALLI TANK,TANK,KARNATAKA,25.0,3.3,6.8,943.5,17.0,3.3,24700.0,187000.0,0
217,3597,HESARAGHATTA TANK,TANK,KARNATAKA,25.0,5.7,6.75,412.5,4.5,1.35,3152300.0,27017500.0,0
218,3559,HULLIGE TANK,TANK,KARNATAKA,26.5,7.2,7.9,898.5,4.25,0.8,875.0,3500.0,0
219,3660,HUNASINA KERE TANK,TANK,KARNATAKA,24.0,6.2,7.55,485.0,2.3,0.3,435.0,2350.0,0
220,3561,HUNDIKERE (KOPPAL) TANK,TANK,KARNATAKA,26.5,7.3,7.95,892.0,4.5,0.3,825.0,3500.0,0
221,3670,INORKATTE KERE,TANK,KARNATAKA,23.5,5.3,7.55,380.0,2.1,0.31,265.0,1950.0,0
222,3642,JIGANI TNAK,TANK,KARNATAKA,24.0,5.85,6.9,968.5,11.0,2.5,36350.0,472000.0,0
223,3663,JOLADAKATTE TANK,TANK,KARNATAKA,24.0,5.0,7.9,520.0,2.55,0.3,340.0,2450.0,0
224,3682,KAKATI POND,TANK,KARNATAKA,26.5,6.5,9.35,2499.5,8.65,3.465,1380.0,2400.0,0
225,3607,KALKERE TANK,TANK,KARNATAKA,25.0,4.05,7.45,797.0,14.5,2.85,1401650.0,8012000.0,0
226,4530,KAMMASANDRA TANK,TANK,KARNATAKA,25.0,2.2,7.0,1686.0,55.0,8.9,6001050.0,46012000.0,0
227,3657,KANCHANAHALLI KOPPALU KERE,TANK,KARNATAKA,24.0,3.7,7.7,2645.0,5.1,1.2,405.0,2810.0,0
228,3588,KARANJIKERE TANK,TANK,KARNATAKA,22.5,6.7,8.0,630.0,4.25,2.35,900.0,5050.0,0
229,3684,KELEGERE TANK,TANK,KARNATAKA,24.5,7.05,7.85,519.5,3.65,0.75,55.5,251.0,0
230,3639,KENGERI TANK,TANK,KARNATAKA,25.0,4.45,7.1,839.0,21.5,3.445,471650.0,2712000.0,0
231,4511,KOGILU KERE,TANK,KARNATAKA,25.0,5.15,7.4,869.5,8.0,2.4,3151650.0,80017500.0,0
232,3661,KOKKANAGHATTADODDAKERE TANK,TANK,KARNATAKA,24.5,5.25,8.25,1700.0,4.9,0.8,270.0,1950.0,0
233,3662,KOUSHIKA KERE,TANK,KARNATAKA,24.0,6.5,7.55,495.0,2.05,0.3,156.5,1160.0,0
234,3590,LALBAGH TANK,TANK,KARNATAKA,25.0,4.75,7.35,453.0,15.5,1.805,26050.0,282000.0,0
235,3665,LINGAPPANAKATTE TANK,TANK,KARNATAKA,24.0,6.0,7.7,495.0,2.5,0.3,182.0,1310.0,0
236,3599,MADAVARA TANK,TANK,KARNATAKA,25.0,5.0,6.9,726.5,7.5,2.18,231150.0,1762000.0,0
237,4503,MADHURE TANK,TANK,KARNATAKA,25.0,4.85,6.65,231.0,10.5,1.2,5502450.0,46012000.0,0
238,3589,MADIWALA TANK,TANK,KARNATAKA,25.0,5.65,7.55,844.0,6.5,2.665,86150.0,812000.0,0
239,3659,MAKANA KERE,TANK,KARNATAKA,24.0,2.45,7.65,1070.0,4.8,0.95,1765.0,10000.0,0
240,3635,MALATHAHALLI TANK,TANK,KARNATAKA,25.0,3.05,6.95,1136.5,21.0,4.7,552450.0,4612000.0,0
241,4092,"MANCHALAPUR TANK, MANCHALAPUR, RAICHUR TQ & DIST",TANK,KARNATAKA,27.5,6.85,8.3,1653.5,12.0,1.285,30950.0,97500.0,0
242,4501,MANCHANABALE DAM,TANK,KARNATAKA,25.0,5.15,7.45,871.5,7.0,7.17,18150.0,187000.0,0
243,4512,MANCHANABALE DAM,TANK,KARNATAKA,25.0,3.4,6.95,958.0,91.0,22.9,33800.0,287500.0,0
244,3560,MAVENAKERE TANK,TANK,KARNATAKA,27.5,6.85,8.4,1559.0,18.5,0.33,34000.0,107000.0,0
245,3650,MELEKOTE TANK,TANK,KARNATAKA,25.0,3.75,7.3,1050.5,28.0,3.65,57300.0,477500.0,0
246,3648,MYDALA TANK,TANK,KARNATAKA,25.0,6.05,6.85,375.0,3.5,1.26,8815.0,82700.0,0
247,3626,NAGAVARA TANK,TANK,KARNATAKA,25.0,4.05,7.25,540.5,19.0,1.75,39502000.0,270012000.0,0
248,3596,NAYANDANAHALLI TANK,TANK,KARNATAKA,25.05,3.15,7.05,721.0,99.3,1.745,351650.0,1762000.0,0
249,3686,NIRASAGARAKERE TANK,TANK,KARNATAKA,24.5,7.45,7.85,382.0,1.75,0.62,8.0,21.0,0
250,3687,NUGGIKERE TANK,TANK,KARNATAKA,24.0,6.7,7.7,735.0,3.5,1.32,35.5,112.0,0
251,3669,PEREMINAHALLI KERE,TANK,KARNATAKA,24.5,5.8,7.6,450.0,2.15,0.3,247.0,2110.0,0
252,3565,PILIKULA TANK,TANK,KARNATAKA,29.0,6.4,6.85,176.0,2.5,4.55,811.5,811.5,0
253,4502,RAMAMMANA KERE,TANK,KARNATAKA,25.0,4.85,7.8,1130.5,12.5,3.0,47600.0,817500.0,0
254,4513,RAMAMMANA KERE,TANK,KARNATAKA,25.0,4.05,6.7,798.0,24.5,2.035,76650.0,812000.0,0
255,4531,RAYASANDRA LAKE,TANK,KARNATAKA,25.0,3.05,7.3,1299.0,12.5,12.575,50950.0,297000.0,0
256,4498,"SANAVALLI DAM, MUNGOD",TANK,KARNATAKA,25.5,7.25,7.05,207.0,2.45,0.545,5.0,25.0,0
257,3672,SANKALAPURAKERE TANK,TANK,KARNATAKA,24.5,5.25,7.65,575.0,2.3,0.3,315.0,2300.0,0
258,3594,SANKEY TANK,TANK,KARNATAKA,25.0,5.85,7.05,541.0,5.5,1.78,1650245.0,12001200.0,0
259,3667,SATHENAHALLIDODDAKERE TANK,TANK,KARNATAKA,25.0,5.35,7.85,1030.0,3.5,1.0,415.0,2800.0,0
260,3674,SATHYAMANGALA KERE,TANK,KARNATAKA,25.0,5.95,7.7,420.0,2.1,0.3,240.0,1750.0,0
261,3677,SHARANABASAVESHWARA KERE,TANK,KARNATAKA,28.0,7.1,7.95,1352.5,4.5,1.05,1015.0,3800.0,0
262,3600,SHIVAPURA TANK,TANK,KARNATAKA,25.0,3.05,7.05,2436.0,44.0,5.595,4702000.0,27017500.0,0
263,3689,SOMESHWARAKERE TANK,TANK,KARNATAKA,24.0,6.3,7.5,1036.0,3.9,1.17,35.5,133.0,0
264,3668,SOUDRALLI KERE,TANK,KARNATAKA,24.0,5.1,7.55,920.0,3.35,0.6,415.0,2850.0,0
265,3633,SUBRAMANYAPURA TANK,TANK,KARNATAKA,25.0,2.55,7.05,1487.0,27.5,6.15,472300.0,2717500.0,0
266,3688,SUDANAKERE TANK,TANK,KARNATAKA,24.5,7.1,7.95,685.5,3.65,0.655,88.5,307.5,0
267,3690,UNAKALKERE TANK,TANK,KARNATAKA,25.5,7.1,8.0,942.0,3.6,1.07,42.0,152.5,0
268,3640,UTTARAHALLI DORAIKERE,TANK,KARNATAKA,25.0,3.7,8.0,321.0,26.0,1.3,48350.0,282000.0,0
269,3632,VEERAPURA TANK,TANK,KARNATAKA,25.0,3.4,7.3,3084.5,63.5,4.9,49300.0,282000.0,0
270,3603,VENGAIHNAKERE,TANK,KARNATAKA,24.5,4.05,6.85,998.5,41.5,6.4,56150.0,472000.0,0
271,3630,YELAHANKA TANK,TANK,KARNATAKA,25.0,5.45,7.5,816.0,9.0,2.45,47070.0,812000.0,0
272,3605,YELLAMALLAPPA TANK,TANK,KARNATAKA,25.0,4.35,7.1,1339.0,9.5,4.41,86650.0,472000.0,0
273,1579,"ALAPPUZHA, KERALA",LAKE,KERALA,29.5,6.6,7.2,658.0,2.5,0.55,701.0,1101.0,0
274,1441,"ASHTHAMUDI LAKE AT QUILON, KERALA",LAKE,KERALA,23.0,5.6,6.85,16705.0,2.25,1.5,125.0,480.0,0
275,1578,"KAYAMKULAM, KERALA",LAKE,KERALA,29.5,4.35,7.45,4468.0,3.65,0.3,950.0,1950.0,0
276,1577,"KODUNGALLOOR, KERALA",LAKE,KERALA,28.5,6.85,7.6,16810.0,1.7,1.35,1050.0,3465.0,0
277,2312,LAKE VEMBANAD AT PATHIRAMANAL (ALAPPUZHA),LAKE,KERALA,28.5,7.0,7.0,722.5,2.4,0.3,701.0,2051.0,0
278,1383,"ORUVATHILKOTTA LAKE, KERALA",LAKE,KERALA,26.5,2.4,7.1,206.5,4.1,0.3,1310.0,2600.0,0
279,1574,"PARAVUR, KERALA",LAKE,KERALA,21.5,6.0,6.9,14135.0,1.65,1.05,117.0,435.0,0
280,2318,PAZHASSI RESERVOIR (KANNUR),LAKE,KERALA,27.0,7.35,7.2,60.0,1.1,0.3,50.0,360.0,0
281,1576,"PERIYAR LAKE AT THEKKADY, KERALA",LAKE,KERALA,25.0,7.15,7.15,40.0,1.0,0.3,2.0,51.0,0
282,1580,"POOKOTE, KERALA",LAKE,KERALA,27.0,7.55,6.75,26.5,1.25,0.3,14.5,46.5,0
283,2329,RSVR AT BHOOTHATHANKETU,LAKE,KERALA,26.5,7.55,7.15,39.5,1.15,0.5,1773.5,2742.0,0
284,2330,RSVR AT EDAMALAYAR,LAKE,KERALA,27.0,7.55,7.05,34.5,1.0,0.3,61.0,206.0,0
285,2328,RSVR AT MALAMPUZHA,LAKE,KERALA,26.5,6.95,7.3,107.5,2.2,1.95,351.0,650.0,0
286,1385,"SASTHAMCOTTA LAKE, KERALA",LAKE,KERALA,23.0,7.0,7.1,173.5,1.5,0.5,90.0,325.0,0
287,3470,"VELLAYANI LAKE AT VANDITHADOM, THIRUVANANTHAPURAM",LAKE,KERALA,26.5,6.15,6.3,135.0,2.75,0.3,450.0,1200.0,0
288,1575,"VEMBANAD LAKE,KOCHI (OIL TANKER JETTY), KERALA",LAKE,KERALA,29.0,5.6,7.1,21290.0,2.3,1.5,16315.0,100750.0,0
289,3462,MANANCHIRA POND AT KOZHEKODE,POND,KERALA,27.5,7.35,7.35,116.5,1.55,0.51,415.0,670.0,0
290,2325,"POND AT (PADMANABHA) SREE
PADMANABHA SWAMY TEMPLE (TVPM)",POND,KERALA,26.5,4.6,7.45,265.0,5.75,0.3,1600.0,5050.0,0
291,1401,POND NEAR JUMA MASJID,POND,LAKSHADWEEP,29.0,9.0,8.3,600.0,1.0,0.32,5.0,1600.0,0
292,2132,BILAWALI TALAB AT INDORE,LAKE,"MADHYA
PRADESH",21.65,7.35,8.1,419.0,1.5,2.48,2.0,53.0,0
293,3296,CHORAL DAM NEAR INDORE,LAKE,"MADHYA
PRADESH",22.0,7.4,7.75,449.0,1.15,0.515,2.0,49.0,0
294,4615,GANGA SAGAR JABALPUR,LAKE,"MADHYA
PRADESH",22.6,6.55,7.65,522.0,4.35,0.535,56.0,481.5,0
295,2135,GOVINDGARH LAKE,LAKE,"MADHYA
PRADESH",26.05,7.3,7.55,246.0,1.3,0.765,2.0,40.0,0
296,2141,JANUNIA TALAB NEAR W/S,LAKE,"MADHYA
PRADESH",26.0,7.3,7.45,369.5,4.9,4.75,91.0,12024.5,0
297,2142,"KALISINDH RESERVOIR AT SARANGPUR,
RAJGARH",LAKE,"MADHYA
PRADESH",22.0,7.45,7.55,370.0,1.9,0.4,2.0,29.0,0
298,3845,"KANHARGAON STOP DAM WATER
SUPPLY INTAKE OF CHHINDWARA TOWN",LAKE,"MADHYA
PRADESH",23.5,7.5,8.0,612.0,1.4,2.6,3.5,28.5,0
299,2140,"KERWA DAM NEAR REST HOUSE, BPL",LAKE,"MADHYA
PRADESH",24.5,7.8,7.7,302.5,1.2,4.27,91.0,17555.0,0
300,2128,"KHANDARI RESERVOIR WATER OFF TAKE
POINT",LAKE,"MADHYA
PRADESH",21.8,7.7,7.65,324.5,1.45,0.265,3.0,28.0,0
301,4622,"KOPTAL LAKE AT WATER SUPPLY INTAKE
POINT CHHATARPUR",LAKE,"MADHYA
PRADESH",26.0,5.7,7.85,472.5,1.95,0.26,2.0,21.0,0
302,1374,LOWER LAKE AT BHOPAL OUTLET M.P.,LAKE,MADHYA PRADESH,26.0,6.5,7.6,367.5,4.6,9.515,461.0,60075.0,0
303,2130,"MADHAV LAKE, SHIVPURI",LAKE,MADHYA PRADESH,23.5,6.5,7.85,539.0,2.45,0.79,5.0,71.0,0
304,1466,"MULTAI TANK LAKE AT VILLA. KHARI ON BETUL-AMRAVATI ROAD M.P(.TAPTI NEAR AMARAWATI, ROAD BRIDGE AT
VILLAGE KHEDA)",LAKE,MADHYA PRADESH,24.5,7.5,7.75,712.0,1.5,2.55,5.0,45.0,0
305,2134,NAGCHUN TALAB AT KHANDWA,LAKE,"MADHYA
PRADESH",21.4,6.95,7.3,315.5,1.4,2.35,2.0,49.5,0
306,2136,"SHAHPURA LAKE AT WEIR NEAR
AYUSHMAN HOSPITAL, BHOPAL",LAKE,"MADHYA
PRADESH",26.5,6.1,7.7,591.5,8.4,12.37,1057.0,110140.0,0
307,2133,SIRPUR TALAB AT INDORE,LAKE,"MADHYA
PRADESH",21.5,7.25,7.8,570.0,1.2,0.95,2.0,48.5,0
308,4614,SUPTAL JABALPUR,LAKE,"MADHYA
PRADESH",22.35,6.85,7.45,529.0,3.8,0.45,176.0,823.0,0
309,2139,UPPER LAKE AT BAIRAGARH CLUB,LAKE,MADHYA PRADESH,25.5,6.05,7.75,248.0,1.35,3.625,1751.0,46120.0,0
310,1373,"UPPER LAKE AT BHOPAL (INTAKE POINT), M.P.",LAKE,MADHYA PRADESH,25.5,6.55,7.45,256.5,2.65,3.165,2351.0,21575.0,0
311,2138,UPPER LAKE AT KARBALA CLUB,LAKE,MADHYA PRADESH,26.0,6.8,7.7,230.5,2.6,3.63,1301.0,46055.0,0
312,2137,UPPER LAKE AT YATCH CLUB,LAKE,MADHYA PRADESH,25.5,6.65,7.75,249.0,2.35,3.39,1751.0,27070.0,0
313,2131,YASHWANT SAGAR AT INDORE,LAKE,MADHYA PRADESH,22.0,7.25,8.05,618.0,1.6,0.885,2.0,55.0,0
314,3850,BAGDOON TALAB PITHAMPUR SANJAY JALASHAY PITHAMPUR,POND,MADHYA PRADESH,22.0,7.35,7.9,375.5,1.15,1.23,2.0,218.0,0
315,3831,"DAL SAGAR TALAB, DIST SEONI",POND,MADHYA PRADESH,23.15,6.8,7.6,416.0,3.1,1.3,61.0,808.5,0
316,3830,"GOKALPUR TALAB, DIST JABALPUR",POND,MADHYA PRADESH,22.45,6.65,8.0,425.5,5.2,0.515,76.0,807.0,0
317,3299,HANUMANTAL JABALPUR,POND,"MADHYA
PRADESH",22.45,6.45,7.55,448.0,3.15,0.515,36.0,820.5,0
318,3297,"MITHA TALAB, DEWAS",POND,MADHYA PRADESH,25.5,7.35,7.85,389.5,2.25,0.66,4.0,78.5,0
319,3301,MOTI TALAB AT BALAGHAT,POND,MADHYA PRADESH,23.6,7.0,7.55,474.5,3.15,0.255,56.0,468.5,0
320,3302,"PIPLIYA PALA TALAB, INDORE",POND,MADHYA PRADESH,21.5,7.05,8.05,530.5,1.7,1.95,2.0,101.5,0
321,3298,POND WATER AT LAKODA,POND,"MADHYA
PRADESH",18.2,7.15,7.55,401.0,1.9,0.815,3.0,48.5,0
322,3303,"RANI TALAB, REWA",POND,"MADHYA
PRADESH",24.5,6.65,8.0,351.5,1.45,0.69,2.0,40.5,0
323,3300,"RANITAL TALAB, JABALPUR",POND,"MADHYA
PRADESH",21.5,6.75,7.7,522.5,5.4,2.36,141.0,831.5,0
324,3849,SITAPAT TALAB DHAR,POND,"MADHYA
PRADESH",21.5,4.05,7.872,267.0,1.1,0.805,2.0,41.0,0
325,2129,"PERIAT TANK NEAR WSS INTAKE POINT
JABALPUR",TANK,"MADHYA
PRADESH",22.0,7.45,7.55,284.0,1.4,0.305,3.0,26.5,0
326,2849,CHANAM PUKHURI,POND,MANIPUR,23.5,6.35,7.3,270.0,3.6,0.3,45.0,125.0,0
327,3349,"TASEK LAKE AT SONGSAK (NAPHAK),",LAKE,MEGHALAYA,23.05,6.75,7.1,69.5,1.85,0.49,140.0,495.0,0
328,1459,"THADLASKEIN LAKE, JOWAI",LAKE,MEGHALAYA,16.5,7.2,7.1,53.5,1.65,0.42,13.5,150.0,0
329,1347,UMIAM LAKE AT BARAPANI,LAKE,MEGHALAYA,19.05,6.25,7.4,95.5,6.5,0.72,400.0,1400.0,0
330,3347,UMIAM LAKE AT MIDDLE POINT,LAKE,MEGHALAYA,19.0,6.15,7.45,89.0,6.15,0.685,360.0,1065.0,0
331,3346,"UMIAM LAKE AT OUTFALL OF UMIAM
INTO LAKE",LAKE,MEGHALAYA,18.55,5.2,7.55,163.5,7.5,0.77,435.0,1510.0,0
332,3348,"UMIAM LAKE ATNEAR UNITED
CHRISTIAN COLLEGE",LAKE,MEGHALAYA,19.1,6.1,7.3,99.5,6.15,0.49,400.0,1320.0,0
333,1348,WARD'S LAKE AT SHILLONG,LAKE,MEGHALAYA,20.0,6.9,7.4,127.5,2.85,0.555,95.0,420.0,0
334,3956,ANSHUPA AT BISHNUPUR,LAKE,ODISHA,27.0,6.35,7.3,147.5,1.9,0.47,2800.0,9700.0,0
335,3957,ANSHUPA AT SARANDAGARH,LAKE,ODISHA,26.5,5.85,7.35,159.5,1.65,0.735,1215.0,4995.0,0
336,3955,ANSHUPA AT SUBARANAPUR,LAKE,ODISHA,27.0,7.0,7.5,141.5,1.5,0.67,1815.0,8245.0,0
337,2438,ANSHUPA LAKE KADALIBARI,LAKE,ODISHA,26.0,6.8,7.65,188.0,1.7,0.77,960.0,3000.0,0
338,3953,CHILKA AT RAMBHA,LAKE,ODISHA,23.0,8.3,7.7,20313.0,2.0,0.99,1151.0,2451.0,0
339,2437,"CHILKA LAKE AT SATAPADA (RAMSAR
SITE)",LAKE,ODISHA,26.0,7.7,7.65,22855.0,1.55,0.97,851.0,1760.0,0
340,3954,TAMPADA LAKE AT CHHATRAPUR,LAKE,ODISHA,21.5,7.25,8.2,546.0,3.95,1.22,905.0,1980.0,0
341,2431,"BINDUSAGAR ( RELIGIOUS POND OF BHUBANESWAR CITY) (NORTH) (LINGRAJ
TEMPLE)",POND,ODISHA,27.5,6.6,7.25,328.0,1.95,0.92,12001.0,27085.0,0
342,2434,INDRADYUMNA TANK ( RILIGIOUS POND OF PURI CITY),POND,ODISHA,29.5,6.95,8.5,422.0,4.75,1.02,17510.0,27022.5,0
343,3962,JAGANNATH SAGAR POND OF JEYPORE,POND,ODISHA,20.5,6.05,7.35,309.0,2.05,1.08,80070.0,80245.0,0
344,2433,"MARKANDA POKHARI ( RILIGIOUS POND
OF PURI CITY)",POND,ODISHA,29.5,7.85,8.4,534.0,5.85,4.485,6522.5,12022.5,0
345,2432,"NARENDRA POKHARI ( RILIGIOUS POND
OF PURI CITY)",POND,ODISHA,29.5,9.95,8.6,658.5,5.9,1.62,715.0,4845.0,0
346,2436,"PARVATI SAGAR ( RILIGIOUS POND OF
PURI CITY)",POND,ODISHA,30.0,6.6,8.1,465.5,7.65,1.89,1222.5,2765.0,0
347,3963,RANIGUDA POND,POND,ODISHA,24.0,7.7,7.85,863.0,6.45,5.92,715.0,1645.0,0
348,2435,SWETAGANGA ( RILIGIOUS POND OF PURI CITY),POND,ODISHA,29.0,9.45,8.4,521.5,5.8,6.83,1222.5,2235.0,0
349,1686,BAHOUR LAKE,LAKE,PUDUCHERRY,30.5,5.4,7.3,286.5,1.75,0.77,12.5,975.0,0
350,4634,KANAGAN LAKE,LAKE,PUDUCHERRY,31.0,10.4,8.35,1126.0,16.4,2.31,305.0,1250.0,0
351,1396,OUSTERI LAKE,LAKE,PUDUCHERRY,30.0,7.2,7.15,240.0,1.65,0.57,56.0,801.0,0
352,1297,"HARIKE LAKE AT HARIKE VILLAGE,
PUNJAB",LAKE,PUNJAB,22.0,7.85,7.85,251.0,1.85,1.75,810.0,2105.0,0
353,1382,"HARIKE LAKE D/S FROM CANAL, PUNJAB",LAKE,PUNJAB,22.0,7.65,7.8,264.0,2.4,3.1,905.0,2295.0,0
354,2912,"RANJIT SAGAR RESERVOIR, PUNJAB",LAKE,PUNJAB,22.0,7.6,7.9,184.5,1.0,0.5,30.0,109.5,0
355,1481,"FATEH SAGAR LAKE AT UDAIPUR INTAKE POINT OF PHED, RAJASTHAN",LAKE,RAJASTHAN,25.5,6.6,8.25,728.5,2.35,4.13,66.0,142.5,0
356,2940,"GAPE- SAGAR LAKE, DUNGARPUR, RAJASTHAN",LAKE,RAJASTHAN,26.5,4.8,8.4,5921.5,2.95,5.655,305.0,780.0,0
357,4178,"GOVERDHAN SAGAR, UDAIPUR",LAKE,RAJASTHAN,24.0,5.35,8.05,881.5,2.2,4.03,350.0,780.0,0
358,2936,"JAISAMAND LAKE, ALWAR, RAJASTHAN",LAKE,RAJASTHAN,29.0,4.2,7.2,194.5,1.2,1.0,58.0,107.0,0
359,2941,"JAISAMAND LAKE, SALUMBER, UDAIPUR, POINT NO. 1, RAJASTHAN",LAKE,RAJASTHAN,25.5,7.45,8.65,653.5,1.65,2.6,49.0,112.5,0
360,2942,"JAISAMAND LAKE, SALUMBER, UDAIPUR, POINT NO. 2, RAJASTHAN",LAKE,RAJASTHAN,26.0,7.5,8.65,592.5,1.85,2.395,57.0,107.0,0
361,2944,"JALMAHAL, JAIPUR, RAJASTHAN",LAKE,RAJASTHAN,24.0,2.45,8.85,1940.0,4.55,6.41,276.5,655.0,0
362,2935,"JET SAGAR LAKE, BUNDI, RAJASTHAN",LAKE,RAJASTHAN,26.0,4.05,8.0,352.5,2.75,2.82,195.0,460.0,0
363,1714,"KAYALANA JHEEL JODHPUR, RAJASTHAN",LAKE,RAJASTHAN,23.5,7.95,7.9,339.0,1.55,1.625,58.0,107.0,0
364,2943,"LODHA TALAB, BANSWARA- DUNGARPUR ROAD, BANSWARA,
RAJASTHAN",LAKE,RAJASTHAN,25.0,4.35,8.15,818.5,3.1,4.83,305.0,670.0,0
365,1716,"NAKKI LAKE, MT. ABU, RAJASTHAN",LAKE,RAJASTHAN,19.75,5.55,7.95,325.0,2.35,2.605,107.0,165.0,0
366,4795,"NELA TALAB, SECTOR-14 HIRAN MARG, UDAIPUR",LAKE,RAJASTHAN,24.0,5.25,8.25,807.0,2.95,2.655,157.5,305.0,0
367,1285,"PICHOLA LAKE AT UDAIPUR (WATER INTAKE POINT), RAJASTHAN",LAKE,RAJASTHAN,25.5,6.0,8.0,523.5,1.9,3.57,31.0,57.0,0
368,1414,"PUSHKAR LAKE, RAJASTHAN",LAKE,RAJASTHAN,24.0,6.05,7.65,305.0,3.35,3.31,58.0,121.5,0
369,2938,"RAJSAMAND LAKE , RAJSAMAND- POINT
NO. 1, RAJSAMAND, RAJASTHAN",LAKE,RAJASTHAN,21.5,6.45,8.55,625.0,2.05,2.325,86.5,166.5,0
370,2939,"RAJSAMAND LAKE , RAJSAMAND- POINT
NO. 2, RAJSAMAND, RAJASTHAN",LAKE,RAJASTHAN,22.0,5.9,8.8,610.5,1.9,3.055,157.5,290.0,0
371,2937,"SILISERH LAKE, ALWAR, RAJASTHAN",LAKE,RAJASTHAN,25.0,5.9,8.0,226.0,1.35,1.855,44.5,85.0,0
372,4177,SWAROOP SAGAR LAKE,LAKE,RAJASTHAN,23.5,4.9,8.45,625.0,1.7,2.785,48.5,165.0,0
373,1286,"UDAISAGAR LAKE AT UDAIPUR (INTAKE
PT.) RAJASTHAN",LAKE,RAJASTHAN,24.0,5.3,7.9,1566.5,2.25,5.31,121.5,195.0,0
374,4179,"BADI KA TALAB, UDAIPUR",POND,RAJASTHAN,25.0,7.5,7.8,456.0,1.9,2.625,43.5,92.0,0
375,1420,"KODAI KANAL LAKE, TAMILNADU",LAKE,TAMIL NADU,22.5,6.5,7.1,121.5,2.5,0.635,25.0,60.5,0
376,3008,"POONDI LAKE AT THIRUVALLUR, TAMILNADU",LAKE,TAMIL NADU,33.0,7.45,7.55,610.0,2.5,0.42,2.0,35.0,0
377,3010,"PORUR LAKE AT THIRUVALLUR, TAMILNADU",LAKE,TAMIL NADU,32.0,6.5,7.65,1169.5,3.0,0.47,40.0,117.0,0
378,3011,"PULICATE LAKE AT THIRUVALLUR, TAMILNADU",LAKE,TAMIL NADU,30.5,5.95,7.55,33865.0,3.0,0.91,23.5,117.0,0
379,3009,"REDD HILLS AT THIRUVALLUR, TAMILNADU",LAKE,TAMIL NADU,29.0,6.1,7.3,546.0,3.0,0.47,11.0,101.0,0
380,1421,"UDHAGAMADALEM LAKE (OOTY),
TAMILNADU",LAKE,TAMIL NADU,24.0,6.45,6.6,415.5,2.75,0.325,79.0,225.0,0
381,3007,"VEERANAM LAKE AT CUDDALORE,
TAMILNADU",LAKE,TAMIL NADU,26.5,6.2,7.35,516.5,2.0,0.57,34.5,89.0,0
382,1452,"YERCAUD LAKE, SALEM, TAMILNADU",LAKE,TAMIL NADU,25.0,6.15,6.9,306.5,1.6,0.325,75.5,185.0,0
383,4823,"OVER HEAD TANK AT TIRUR VILLAGE, TIRUVALLUR TALUK, TIRUVALLUR
PANCHAYAT UN",TANK,TAMIL NADU,32.0,5.85,7.1,1489.0,3.0,0.75,11.0,56.0,0
384,5052,"BAKSHI KUNTA (VEMANA COLONY PARK), CHANDANAGAR,
SERILINGAMPALLY, RR",LAKE,TELANGANA,22.0,2.35,7.5,1055.0,9.5,5.4,12.5,310.0,0
385,4676,"BANDA CHERUVU, MALKAJIGIRI (V),
MALKAJIGIRI (NEW MANDAL)",LAKE,TELANGANA,28.5,0.8,7.6,1412.5,10.9,13.7,36.0,335.0,0
386,5048,"BANDAM CHERUVU, GAJULARAMARAM, QUTUBULLAPUR, MEDCHAL â€“
MALKAGIRI",LAKE,TELANGANA,27.0,2.9,7.65,804.5,6.0,4.7,38.5,340.0,0
387,4682,"BANDAM CHERUVU, HANAMKONDA",LAKE,TELANGANA,28.0,2.4,7.8,1056.0,7.7,19.35,22.5,285.0,0
388,5040,"BANDLAGUDA CHERUVU, BANDALGUDA
UPPAL, MEDCHAL - MALKAGIRI",LAKE,TELANGANA,30.0,0.3,7.45,1257.0,11.2,9.15,53.5,410.0,0
389,4690,"BANJARA KUNTA (SINGADI KUNTA(,
SHAIKPET",LAKE,TELANGANA,26.5,2.2,7.85,939.5,4.7,8.9,23.0,355.0,0
390,3074,"BANJARA LAKE, BANJARA HILLS, RANGA REDDY",LAKE,TELANGANA,24.0,0.3,7.3,1014.5,12.0,6.0,40.5,375.0,0
391,5035,"BATHAR KUNTA, SHAIKPET, HYDERABAD",LAKE,TELANGANA,26.5,1.15,7.8,1180.0,8.0,8.5,42.0,600.0,0
392,4684,"CAMPUS LAKE, ICRISAT",LAKE,TELANGANA,24.5,6.3,6.95,567.5,2.55,5.595,13.5,175.0,0
393,5060,"CHAKALAVANI CHERUVU, LINGAMPALLY, SERILINGAMPALLY, RR",LAKE,TELANGANA,25.0,1.6,7.65,1276.0,12.0,11.45,26.5,390.0,0
394,5051,"CHINNA BANDAM, SURARAM, QUTUBULLAPUR, MEDCHAL â€“ MALKAGIRI",LAKE,TELANGANA,28.0,2.1,7.65,1517.0,8.05,7.45,37.0,355.0,0
395,4668,"CHINNARAYAN CHERUVU, ALWAL (V)",LAKE,TELANGANA,29.0,1.25,7.7,1406.0,9.0,10.1,42.0,410.0,0
396,5046,"CHINTAL CHERUVU, GAJULARAMARAM, QUTUBULLAPUR, MEDCHAL â€“
MALKAGIRI",LAKE,TELANGANA,28.5,3.6,7.9,474.5,4.05,2.15,17.5,284.0,0
397,5039,"DMRL LAKE, KANCHANBAGH,
BANDLAGUDA, HYDERABAD",LAKE,TELANGANA,26.0,2.05,7.65,1434.5,10.6,8.55,46.0,317.0,0
398,3070,"FOX SAGAR, JEEDIMETLA, RANGA REDDY",LAKE,TELANGANA,27.5,2.0,8.05,1259.0,4.5,7.5,30.5,410.0,0
399,5059,"GOPI CHERUVU, LINGAMPALLY,
SERILINGAMPALLY, RR",LAKE,TELANGANA,26.0,2.2,7.75,1161.0,6.5,6.45,22.0,380.0,0
400,5062,"GURUNATH CHERUVU, MIYAPUR, SERILINGAMPALLY, RR",LAKE,TELANGANA,25.0,2.1,7.75,1071.5,9.0,22.6,20.5,355.0,0
401,3073,"HASMATHPET LAKE, HASMATHPET, RANGA REDDY",LAKE,TELANGANA,25.5,0.3,7.75,1323.0,8.0,4.55,52.5,485.0,0
402,1789,"HIMAYAT SAGAR LAKE , R.R.DIST.",LAKE,TELANGANA,24.5,5.55,7.7,457.0,2.35,0.75,3.0,56.0,0
403,4679,"HUDA PARK LAKE/ BUMRUKH KHAN
DOWLA",LAKE,TELANGANA,31.5,0.6,7.7,2483.5,14.0,17.1,73.0,635.0,0
404,1391,"HUSSAIN SAGAR LAKE, BUDAMERU",LAKE,TELANGANA,27.6,1.35,7.7,1227.0,6.9,8.2,79.5,675.0,0
405,4686,"ICRISAT LAKE, ICRISAT",LAKE,TELANGANA,25.0,6.35,6.9,654.0,2.85,5.13,17.5,200.0,0
406,4699,"KAPRAI CHERUVU, SAHEBNAGAR (V),
HAYATHNAGAR",LAKE,TELANGANA,27.5,3.95,7.75,524.5,3.05,1.35,21.0,195.0,0
407,5054,"KOMATI KUNTA, GOPANPALLY,
SERILINGAMPALLY, RR",LAKE,TELANGANA,25.0,3.45,7.8,664.5,4.55,5.0,15.5,231.5,0
408,4705,"KOTHA CHERUVU (ALWAL CHERUVU), ALWAL (V)",LAKE,TELANGANA,28.0,0.6,7.9,1605.5,10.0,17.1,42.0,445.0,0
409,5032,"KOTHA CHERUVU, SHAIKPET, HYDERABAD",LAKE,TELANGANA,26.5,2.2,7.85,1117.5,6.5,6.9,30.0,280.0,0
410,5057,"KUDI KUNTA (GAUTAMI LAKE), KONDAPUR, SERILINGAMPALLY, RR",LAKE,TELANGANA,26.5,0.3,7.25,1407.0,11.5,12.65,28.5,445.0,0
411,4235,LAKE KAMUNI ( SHAMSHABAD LAKE),LAKE,TELANGANA,31.5,3.1,7.7,1003.0,3.95,5.15,22.0,355.0,0
412,4680,"LAKNAVARAM CHERUVU, MULUGU (V)",LAKE,TELANGANA,28.5,5.8,7.65,167.5,2.35,0.55,2.0,18.0,0
413,3071,"LANGARHOUSE LAKE, HYDERABAD",LAKE,TELANGANA,25.0,0.65,7.7,1195.0,7.1,7.8,58.5,410.0,0
414,2340,"LAXMINARAYANA CHERUVU AT
EDULABAD, RANGAREDDY",LAKE,TELANGANA,25.5,4.25,7.9,1415.0,3.9,2.45,12.5,250.0,0
415,4677,"LINGAM CHERUVU, SURARAM (V),
QUTHUBULLAPUR",LAKE,TELANGANA,28.0,0.3,7.4,1609.5,9.1,11.1,40.0,675.0,0
416,4701,"LINGAM KUNTA, CHANDANAGAR (V)
SERLINGAMPALLY",LAKE,TELANGANA,23.5,1.75,7.7,1150.0,7.0,7.5,28.5,340.0,0
417,4670,"MADDELLA KUNTA/ BAIRAMALGUDA
CHERUVU",LAKE,TELANGANA,31.5,4.3,7.35,939.0,3.75,3.15,27.5,355.0,0
418,5047,"MAHABOOB KUNTA, SURARAM, QUTUBULLAPUR, MEDCHAL â€“
MALKAGIRI",LAKE,TELANGANA,28.0,2.95,7.25,712.5,5.05,6.7,22.0,375.0,0
419,4698,"MANNEVARI KUNTA, MACHABOLLARAM
(V) ALWAL",LAKE,TELANGANA,28.5,0.3,7.85,1732.0,8.5,12.5,55.0,485.0,0
420,5049,"MEDDELA KUNTA, GAJULARAMARAM, QUTUBULLAPUR, MEDCHAL â€“
MALKAGIRI",LAKE,TELANGANA,27.5,2.75,7.7,869.5,7.0,11.7,24.5,302.0,0
421,4672,"MEDI KUNTA (WIPRO LAKE),
NANAKRAMGUDA",LAKE,TELANGANA,25.5,2.35,7.8,919.5,6.6,8.7,44.0,390.0,0
422,4673,"MEEDI KUNTA (BK ENCLAVE LAKE), MAQTA MAHBOOBPET,
(MADEENAGUDA)",LAKE,TELANGANA,23.5,1.65,7.55,963.0,7.1,6.4,28.5,340.0,0
423,4674,"MEEDI KUNTA, HAFEEZPET (V)",LAKE,TELANGANA,26.5,2.9,7.9,924.0,6.4,4.8,42.0,355.0,0
424,2341,"MIRALAM LAKE NEAR ZOO PARK, RANGAREDDY",LAKE,TELANGANA,27.5,1.6,7.65,1287.5,5.1,3.8,44.0,355.0,0
425,5029,"MOHINI CHERUVU, AMBERPET, HYDERABAD",LAKE,TELANGANA,24.0,2.15,7.85,1277.0,10.05,5.8,36.0,254.5,0
426,5045,"MOTHKULA KUNTA, MACHABOLLARAM, ALWAL, MEDCHAL - MALKAGIRI",LAKE,TELANGANA,34.0,1.7,7.5,1431.0,7.0,9.45,39.0,309.5,0
427,5043,"MYSAMMA CHERUVU, KUKATPALLY, BALANAGAR, MEDCHAL - MALKAGIRI",LAKE,TELANGANA,27.5,1.15,7.55,1184.0,9.0,6.45,42.0,675.0,0
428,4691,"NAGOLE CHERUVU, UPPAL (V)",LAKE,TELANGANA,30.0,1.15,7.65,1275.5,8.9,7.25,50.5,390.0,0
429,5063,"NANAKRAM KUNTA, NANAKRAMGUDA,
SERILINGAMPALLY, RR",LAKE,TELANGANA,27.5,2.05,7.75,690.5,17.05,4.1,12.5,355.0,0
430,4688,NARINJA LAKE,LAKE,TELANGANA,24.5,6.5,7.1,540.0,2.55,5.625,7.5,31.0,0
431,5030,"NAYA QUILA TALAB, GOLKONDA,
HYDERABAD",LAKE,TELANGANA,27.0,1.8,8.2,1234.0,11.65,8.35,40.0,305.0,0
432,5056,"NAYANAMMA KUNTA (BASPALLI CHERUVU), HAFEEZPET,
SERILINGAMPALLY, RR",LAKE,TELANGANA,23.5,2.15,7.85,1038.0,6.5,8.0,22.0,345.0,0
433,4229,NEKNAMPUR LAKE,LAKE,TELANGANA,30.5,1.5,7.85,1754.0,9.0,19.4,50.5,530.0,0
434,2342,"NOOR MD. KUNTA, KATTEDAN,
RANGAREDDY",LAKE,TELANGANA,27.0,0.3,7.55,1910.0,14.1,16.35,57.5,485.0,0
435,4696,"PARKI CHERUVU, KUKATPALLY (V),
BALANAGAR",LAKE,TELANGANA,27.0,0.3,7.65,1441.0,9.0,14.5,35.5,375.0,0
436,4678,"PATEL CHERUVU, NACHARAM (V),
UPPAL (NEW MANDAL)",LAKE,TELANGANA,24.5,0.3,7.65,1469.0,14.5,15.9,38.5,390.0,0
437,4693,"PATEL CHERUVU, UPPAL (V)",LAKE,TELANGANA,25.5,1.45,7.4,1126.0,9.3,6.8,47.0,320.0,0
438,5041,"PATHULGUDA LAKE, PATHALGUDA, UPPAL, MEDCHAL - MALKAGIRI",LAKE,TELANGANA,29.5,1.25,7.85,1314.5,13.0,6.2,49.0,410.0,0
439,4702,"PEDDA CHERUVU - KHAJA GUDA, KHJAGUDA (V), SERLINGAMPALLY 9NEW MANDAL)",LAKE,TELANGANA,31.0,3.35,7.75,1473.5,13.5,10.05,145.0,915.0,0
440,4669,"PEDDA CHERUVU, GANGARAM (V) SERLINGAMPALLY (NEW MANDAL)",LAKE,TELANGANA,24.0,1.85,7.55,1531.5,8.75,8.0,55.5,355.0,0
441,4683,"PEDDA CHERUVU, MADIKONDA",LAKE,TELANGANA,28.5,4.6,7.75,636.5,5.05,1.7,16.5,188.0,0
442,5061,"PEDDAKUDI CHERUVU, MAQTA
MAHBOOBPET, SERILINGAMPALLY, RR",LAKE,TELANGANA,23.5,1.75,7.7,1060.5,9.5,9.75,23.0,350.0,0
443,4681,"PHAKAL CHERUVU, NARSAMPET",LAKE,TELANGANA,27.5,5.65,8.0,297.0,2.45,0.55,2.0,24.5,0
444,5053,"RAMAMMA KUNTA (DR. YSR TOURISM COLLEGE), GACHIBOWLI,
SERILINGAMPALLY, RR",LAKE,TELANGANA,32.5,1.35,7.85,677.5,4.5,7.0,20.5,355.0,0
445,3068,"RAMAPPA LAKE, WARANGAL",LAKE,TELANGANA,27.0,5.7,7.95,272.0,2.2,0.75,3.0,67.5,0
446,4687,"RED LAKE, ICRISAT",LAKE,TELANGANA,25.0,6.05,7.1,810.0,3.7,7.675,22.5,260.0,0
447,5058,"REGULA KUNTA, MIYAPUR
SERILINGAMPALLY, RR",LAKE,TELANGANA,26.0,2.25,7.7,782.0,5.3,5.1,15.0,310.0,0
448,3072,"SAFILGUDA LAKE, RANGA REDDY",LAKE,TELANGANA,25.5,0.95,7.7,1507.5,9.5,7.1,50.5,445.0,0
449,5038,"SALKAM CHERUVU, BANDLAGUDA, HYDERABAD",LAKE,TELANGANA,25.5,1.25,7.7,1925.5,19.5,9.45,40.0,445.0,0
450,1788,"SAROORNAGAR , RANGA REDDY DIST.",LAKE,TELANGANA,29.5,0.75,7.75,1240.5,9.9,6.3,27.5,410.0,0
451,5033,"SHAHATAM CHERUVU, SHAIKPET,
HYDERABAD",LAKE,TELANGANA,26.0,0.3,7.55,1187.5,13.0,6.7,37.5,340.0,0
452,3069,"SHAMEERPET LAKE, SHAMEERPET,
RANGA REDDY",LAKE,TELANGANA,25.5,5.65,7.9,560.0,2.45,1.35,7.0,153.5,0
453,5034,"SHIKARI KUNTA, SHAIKPET, HYDERABAD",LAKE,TELANGANA,27.0,3.55,7.95,994.0,4.55,5.9,38.5,286.5,0
454,5044,"SUDALAVANI KUNTA (SUNNAM CHERUVU), ALLAHPUR, BALANAGAR,
MEDCHAL - MALKAGIRI",LAKE,TELANGANA,34.5,0.65,7.45,1268.0,9.5,7.25,42.0,485.0,0
455,4685,SURISIGAL LAKE ICRISAT,LAKE,TELANGANA,24.5,6.25,7.15,628.0,2.75,5.63,19.5,205.0,0
456,4667,"SURRAM CHERUVU (PALLE CHERUVU), BANDLAGUDA (V), BANDLAGUDA (NEW
MANDAL)",LAKE,TELANGANA,28.0,0.65,7.4,1668.5,11.0,11.75,50.0,445.0,0
457,5037,"TIRUMALAGIRI TANK, TIRUMALAGIRI, HYDERABAD",LAKE,TELANGANA,33.5,0.3,7.75,1423.5,9.0,7.25,27.0,485.0,0
458,4234,"UMDA SAGAR LAKE, SHAMSHABAD",LAKE,TELANGANA,31.0,2.0,7.65,916.5,5.05,3.85,32.0,275.0,0
459,5050,"VENNA CHERUVU, JEEDIMETLA, QUTUBULLAPUR, MEDCHAL â€“
MALKAGIRI",LAKE,TELANGANA,28.5,1.7,7.45,1458.0,10.5,29.9,36.0,335.0,0
460,5042,"YELLAMMA CHERUVU, KUKATPALLY, MEDCHAL - MALKAGIRI",LAKE,TELANGANA,27.5,1.65,7.55,1638.5,12.9,18.8,45.0,570.0,0
461,5031,"YERRA KUNTA, SHAIKPET, HYDERABAD",LAKE,TELANGANA,25.5,2.05,7.6,1046.0,11.5,4.75,29.5,570.0,0
462,3076,"AMBER CHERUVU, KUKATPALLY, RANGA
REDDY",POND,TELANGANA,27.0,0.3,7.75,1212.5,9.9,4.2,56.0,390.0,0
463,2347,"ASANI KUNTA, KAJIPALLY, MEDAK",POND,TELANGANA,21.5,0.8,6.85,10025.0,190.5,35.37,10.0,355.0,0
464,2346,"BHADRAKALI CHERUVU, BHADRAKALI TEMPLE, WARANGAL",POND,TELANGANA,27.5,5.0,8.05,719.0,3.05,1.5,14.5,115.5,0
465,2357,DURGAM CHERUVU,POND,TELANGANA,28.0,2.8,7.9,824.5,4.2,3.1,32.0,335.0,0
466,3077,"KAPRA CHERUVU, KAPRA, RANGA
REDDY",POND,TELANGANA,25.0,1.9,7.65,1417.0,5.6,2.8,34.0,375.0,0
467,4675,"LOTUS POND, HAKIMPET (V), SHAIK PET
(NEW MANDAL)",POND,TELANGANA,30.0,4.05,7.75,731.0,3.1,5.9,22.5,275.0,0
468,2344,"NALLA CHERUVU, RANGAREDDY",POND,TELANGANA,27.0,0.75,7.85,1399.5,8.0,2.55,34.0,485.0,0
469,4665,"OUTLET OF KTPP ASH POND JOINING TO
MORANCHA VAGU, CHELPUR, GHANPUR",POND,TELANGANA,27.5,4.2,7.8,781.0,3.0,1.05,3.0,70.0,0
470,2359,PEDDA CHERUVU,POND,TELANGANA,28.0,0.75,7.85,1414.0,9.0,14.2,48.0,675.0,0
471,4236,"PEDDA CHERUVU (NACHARAM
CHERUVU)",POND,TELANGANA,24.5,1.5,7.65,1374.5,5.0,19.5,50.5,485.0,0
472,3078,"PRAGATHINAGAR CHERUVU, KUKATPALLY, RANGA REDDY",POND,TELANGANA,27.0,1.05,7.6,1262.5,9.6,5.3,25.5,445.0,0
473,3075,"RANGADHAMUNI CHERUVU, RANGA REDDY",POND,TELANGANA,26.0,1.25,7.8,1153.5,7.5,4.35,37.0,445.0,0
474,2345,"SAI CHERUVU, NEAR TANNERY INDUSTRIES, DESAIPET, WARANGAL",POND,TELANGANA,27.5,1.65,8.0,4250.0,18.0,7.55,16.5,235.0,0
475,4238,"AMEENPUR CHERUVU, AMEENPUR (V & M) SANGAREDDY DISTRICT",TANK,TELANGANA,25.0,5.5,7.0,1172.5,4.6,11.15,8.0,124.5,0
476,1464,BIBINAGAR TANK,TANK,TELANGANA,20.0,5.6,7.3,801.0,3.35,8.615,8.0,42.5,0
477,4703,"BULBUL KUNTA, LAXMI NAGAR (V),
RAJENDRANAGAR",TANK,TELANGANA,29.5,0.3,7.7,1769.5,13.2,12.9,54.5,635.0,0
478,3085,"CHINNA WADDEPALLY TANK,
WARANGAL",TANK,TELANGANA,28.0,2.45,7.7,1030.5,10.9,6.7,30.0,325.0,0
479,4241,"CHITKUL TANK, CHITKUL (V) PATANCHERU (M) SANGAREDDY
DISTRICT",TANK,TELANGANA,26.0,5.45,7.1,1241.0,4.6,12.615,7.5,94.5,0
480,1447,DHARMASAGAR TANK NEAR WARANGAL,TANK,TELANGANA,28.0,5.65,8.2,377.5,2.05,1.45,9.5,147.0,0
481,4233,"GADDAPOTHARAM CHERUVU, GADDAPOTHARAM VILLAGE, JINNARAM
MANDAL, SANGAREDDY DIST",TANK,TELANGANA,29.0,4.7,7.05,4335.0,12.5,17.165,19.5,175.0,0
482,1780,"GANDIGUDEM TANK , MEDAK DISTRICT",TANK,TELANGANA,21.5,5.6,7.15,1471.0,6.6,11.665,7.0,105.0,0
483,4228,"IBRAHIM CHERUVU, RAJENDRA NAGAR",TANK,TELANGANA,29.5,0.75,7.75,1544.5,12.8,8.5,37.0,445.0,0
484,4243,"ISNAPUR TANK, ISNAPUR (V) PATANCHERU 9M) SANGAREDDY
DISTRICT",TANK,TELANGANA,24.5,4.55,7.15,3793.0,15.0,18.23,16.5,195.0,0
485,4225,"JOGULAMBA TEMPLE, GADWAL",TANK,TELANGANA,26.0,4.8,7.75,979.5,3.15,2.45,17.5,223.5,0
486,2348,"KAJIPALLY TANK, KAJIPALLY, MEDAK",TANK,TELANGANA,22.5,4.8,7.15,2696.0,7.5,16.675,5.0,51.0,0
487,4230,"KISTAIPALLY TANK, KAZIPET,
WARANGAL",TANK,TELANGANA,29.5,4.75,7.35,3529.0,6.0,14.11,7.5,106.5,0
488,1783,"KISTAREDDYPET TANK , MEDAK DIST.",TANK,TELANGANA,21.0,5.6,7.1,2259.5,7.45,19.6,5.0,61.0,0
489,4232,"KOMATI CHERUVU, SIDDIPET TOWN, SIDIPET DISTRICT",TANK,TELANGANA,29.5,5.95,7.25,694.0,12.85,8.085,4.0,39.0,0
490,4248,"KOTI CHERUVU, HANAMKONDA, WARANGAL",TANK,TELANGANA,27.5,2.75,7.6,939.0,4.05,3.7,14.5,225.5,0
491,4242,"LAKADARAM CHERUVU, LAKADARAM
(V) PATANCHERU (M) SANGAREDDY
DISTRICT",TANK,TELANGANA,25.5,5.05,7.2,1012.0,5.0,8.635,6.5,68.5,0
492,4700,"LARGE TANK, SAROORNAGAR (V)",TANK,TELANGANA,31.5,0.3,7.7,1429.5,17.0,9.9,31.0,330.0,0
493,4239,"MAHABOOBSAGAR TANK SANGAREDDY
(V & M) SANGAREDDY DISTRICT",TANK,TELANGANA,24.5,5.65,7.15,958.5,5.0,8.65,8.0,114.0,0
494,2358,MALLAPUR TANK,TANK,TELANGANA,26.0,0.3,7.6,2110.0,12.8,7.65,55.5,445.0,0
495,4245,MALLEPALLY TANK MALLEPALLY (V) KONDAPUR (M) SANGAREDDY DISTRICT,TANK,TELANGANA,24.0,5.9,7.15,1049.5,3.55,9.115,9.0,58.5,0
496,4247,"MUCHARLA NAGARAM CHERUVU, WARANGAL",TANK,TELANGANA,28.0,4.15,8.0,820.5,3.05,3.7,20.5,250.0,0
497,4237,"MULLAKATWA CHERUVU, JI TECH CITY, MADHAPUR,",TANK,TELANGANA,30.5,0.3,7.45,1975.5,10.0,17.15,25.0,940.0,0
498,4240,"MUTHANGI TANK, MUTHANGI (V), PATANCHERU (M) SANGAREDDY
DISTRICT",TANK,TELANGANA,25.0,5.35,7.15,1064.5,3.95,8.105,4.5,48.0,0
499,4704,"PEDDA CHERUVU, MANSOORABAD (V), SAROORNAGAR",TANK,TELANGANA,31.0,2.45,7.65,802.5,5.05,3.7,31.0,325.0,0
500,2343,"PREMAJIPET TANK, KATTEDAN, RANGAREDDY",TANK,TELANGANA,26.5,1.45,7.9,3120.5,15.6,7.2,12.5,410.0,0
501,4249,"RANGASAMUDRAM, WARANGAL",TANK,TELANGANA,28.0,2.7,7.85,956.0,6.05,3.0,14.5,275.0,0
502,4231,"RAYAM CHERUVU, BONTHAPALLY VILLAGE, JINNARAM MANDAL,
SANGAREDDY DISTRICT",TANK,TELANGANA,29.0,5.2,7.25,902.5,3.25,7.15,5.5,37.0,0
503,4302,"RUDRARAM TANK, RUDRARAM (V)PATANCHERU (M) SANGAREDDY
DISTRICT",TANK,TELANGANA,24.5,5.75,7.05,1460.5,4.75,11.1,5.0,65.5,0
504,3086,"SAKI TANK, PATANCHERU, RANGA REDDY",TANK,TELANGANA,20.5,5.9,7.15,934.5,4.6,10.13,8.5,41.0,0
505,4689,"SUNNAM KUNTA, JUBILLE HILLS",TANK,TELANGANA,26.0,4.2,7.6,582.0,5.05,4.45,17.0,290.0,0
506,3084,"WADDEPALLY TANK, KAZIPET,
WARANGAL",TANK,TELANGANA,28.5,5.2,8.05,497.0,2.55,1.55,14.0,188.0,0
507,4244,"YERDANOOR TANK, YERDANOOR (V)
SANGAREDDY DISTRICT",TANK,TELANGANA,24.5,5.9,7.1,721.0,3.6,12.125,10.0,63.5,0
508,3391,"DHAMBUR LAKE, DHALAI",LAKE,TRIPURA,23.25,5.5,7.2,177.5,1.3,1.86,37.5,157.0,0
509,4193,"DIMASAGAR LAKE, NORTH GATE",LAKE,TRIPURA,24.5,5.55,6.95,159.5,1.6,1.815,42.0,210.0,0
510,1727,"LAXMI NARAYAN BARI PALACE
COMPOUND, TRIPURA",LAKE,TRIPURA,24.0,5.8,7.3,167.5,1.25,1.76,35.5,144.5,0
511,4192,MBB COLLEGE LAKE,LAKE,TRIPURA,24.5,5.7,7.2,167.5,1.4,1.515,31.5,165.0,0
512,4643,RUDRASAGAR EAST LAKE TRIPURA,LAKE,TRIPURA,23.5,5.75,7.3,177.5,1.45,1.735,39.5,157.0,0
513,4642,"RUDRASAGAR NORTH LAKE,TRIPURA",LAKE,TRIPURA,23.5,6.1,7.1,177.0,1.85,2.11,55.5,215.0,0
514,4644,RUDRASAGAR WEST LAKE TRIPURA,LAKE,TRIPURA,23.5,6.05,7.35,155.0,1.55,1.73,44.0,215.0,0
515,1728,"RUDRASAGAR, SONUMURA, TRIPURA",LAKE,TRIPURA,23.75,5.45,7.05,159.5,1.4,2.065,40.0,205.0,0
516,3393,"BRAMAKUNDA POND, WEST TRIPURA",POND,TRIPURA,23.75,5.95,7.2,192.5,1.4,1.74,32.5,127.0,0
517,4197,CHATURDASH DEBATA BARI POND,POND,TRIPURA,23.75,6.15,7.0,166.5,1.4,1.53,31.5,127.0,0
518,4195,DURGABARI POND,POND,TRIPURA,24.25,5.55,6.75,170.0,1.45,1.595,31.5,136.5,0
519,3396,"JAGANNATH DIGHI, SOUTH TRIPURA",POND,TRIPURA,24.25,5.7,7.1,172.0,1.6,1.895,37.5,147.0,0
520,3394,"KALYANSAGAR AT MATARBARI, SOUTH TRIPURA",POND,TRIPURA,24.5,5.95,7.35,180.5,2.05,2.77,63.0,210.0,0
521,4221,KATAL DIGHI POND,POND,TRIPURA,23.5,5.55,7.2,167.0,1.35,1.545,37.0,160.0,0
522,4194,LALBAHADUR DIGHI POND,POND,TRIPURA,24.5,5.5,7.1,166.5,1.45,1.49,32.0,165.0,0
523,3395,"MAHADEB DIGHI, SOUTH TRIPURA",POND,TRIPURA,24.0,6.1,7.15,163.0,1.25,1.555,40.0,167.0,0
524,4196,RADHANAGAR POND,POND,TRIPURA,24.75,3.7,7.2,181.5,7.05,3.745,70.5,320.0,0
525,3392,"SHIPAHIJALA POND, WEST TRIPURA",POND,TRIPURA,24.0,5.45,6.9,160.0,1.5,1.79,37.5,147.0,0
526,2499,"SAMARPUR JHEEL, RAEBARELI",LAKE,UTTAR PRADESH,22.5,6.4,7.9,311.0,4.5,0.86,3950.0,7100.0,0
527,3437,BHEEMTAL LAKE,LAKE,UTTARAKHAND,17.0,8.2,7.6,185.0,1.3,0.345,120.0,375.0,0
528,1362,"NAINI LAKE AT NAINITAL (WATER
INTAKE POINT)",LAKE,UTTARAKHAND,15.5,8.6,7.5,405.0,1.5,0.34,245.0,635.0,0
529,2539,"BELBONI LAKE NEAR BARJORA,
BANKURA",LAKE,WEST BENGAL,24.5,8.15,7.55,168.0,1.45,0.3,1650.0,2650.0,0
530,2505,"HANUMAN GHAT ON DUDHPUKUR AT
TARAKESHWAR, HOOGHLY",LAKE,WEST BENGAL,28.25,8.55,8.25,665.5,5.85,0.535,19150.0,29450.0,0
531,2503,"HATISHALA GHAT ON DUDHPUKUR AT
TARAKESHWAR, HOOGHLY",LAKE,WEST BENGAL,28.25,7.7,8.05,717.5,5.05,0.55,46700.0,81650.0,0
532,4729,JOREPOKHARI LAKE AT SUKHIAPOKHARI,LAKE,WEST BENGAL,15.0,6.65,7.4,58.5,1.4,0.3,2530.0,6555.0,0
533,2519,"KOCHBIHAR LAKE (SAGAR DIGHI),
COOCHBEHAR",LAKE,WEST BENGAL,25.5,7.5,7.15,50.0,1.6,0.3,2700.0,7150.0,0
534,4720,LAKE RASIKBHEEL AT COOCHBEHAR,LAKE,WEST BENGAL,26.0,7.85,7.55,80.0,1.75,0.3,1385.0,4850.0,0
535,2504,"MAINH GHAT ON DUDHPUKUR AT TARAKESHWAR, HOOGHLY",LAKE,WEST BENGAL,28.25,7.9,8.15,672.0,5.4,0.6,126500.0,281500.0,0
536,2520,"MIRIKH LAKE, DARJEELING",LAKE,WEST BENGAL,14.0,6.35,7.25,131.5,2.3,0.31,3550.0,9500.0,0
537,1765,"RABINDRASAROVAR NATIONAL LAKE,
CALCUTTA, WEST BENGAL",LAKE,WEST BENGAL,26.5,7.45,7.85,539.0,2.95,1.1,560.0,1400.0,0
538,2544,SAHEBBANDH AT PURULIA,LAKE,WEST BENGAL,27.0,9.3,7.3,366.5,5.0,0.55,6250.0,8150.0,0
539,2522,SINCHAL LAKE FOR DARJEELING,LAKE,WEST BENGAL,11.5,7.6,7.25,21.0,1.05,0.3,90.0,160.0,0
540,2521,"WATER RESERVIOR AT DELO LAKE,
DARJELLING",LAKE,WEST BENGAL,16.5,7.7,7.25,28.0,1.4,0.3,95.0,220.0,0
541,4725,WATER RESERVIOR ST. HELENS SCHOOL,LAKE,WEST BENGAL,13.0,7.8,7.4,44.5,1.3,0.3,90.0,220.0,0
